{"0.6617229104390023":{"user_id":10},"0.7837719133110275":{"user_id":10},"0.34376982073068585":{"user_id":10},"0.734540146201893":{"user_id":10},"0.6411626443655203":{"user_id":10},"0.27886015285499677":{"user_id":10},"0.6508980045711983":{"user_id":6},"0.663541334580342":{"user_id":6},"0.2315411475567568":{"user_id":6},"0.03590640406169476":{"user_id":6},"0.1788821855173588":{"user_id":7},"0.8015776769283589":{"user_id":7},"0.9351371694308741":{"user_id":7},"0.3620566805480627":{"user_id":7},"0.5792206650739051":{"user_id":7}}